{"_type":"export","__export_format":4,"__export_date":"2022-03-12T14:11:39.762Z","__export_source":"insomnia.desktop.app:v2022.1.1","resources":[{"_id":"req_acb54b04dadf492ea2eaeb8d466b5d9d","parentId":"wrk_7fdc1b1551044fa9bb02c625d23c63f8","modified":1647094228177,"created":1647094225934,"url":"https://localhost:5001/offers","name":"https://localhost:5001/offers","description":"","method":"POST","body":{"mimeType":"application/json","text":"{\n    \"LogoLink\":\"https://media-exp1.licdn.com/dms/image/C560BAQGEEw9HXvgGzA/company-logo_100_100/0/1639383758689?e=1655337600&v=beta&t=MrTtO53QNLbOHFMF04X1sSpVJe2AS2AbrBuSm4AFVok\",\n    \"Title\":\"Senior ReactJS Developer\",\n    \"CompanyName\":\"Luxoft\"\n}"},"parameters":[],"headers":[{"name":"Content-Type","value":"application/json","id":"pair_8f711bd358bf47bdabd65718ab041d56"}],"authentication":{},"metaSortKey":-1647094225934,"isPrivate":false,"settingStoreCookies":true,"settingSendCookies":true,"settingDisableRenderRequestBody":false,"settingEncodeUrl":true,"settingRebuildPath":true,"settingFollowRedirects":"global","_type":"request"},{"_id":"wrk_7fdc1b1551044fa9bb02c625d23c63f8","parentId":null,"modified":1647094225937,"created":1647085867070,"name":"New Document","description":"","scope":"design","_type":"workspace"},{"_id":"req_e19caa7f96eb454280ad573e4fd0d7b4","parentId":"wrk_7fdc1b1551044fa9bb02c625d23c63f8","modified":1647094201640,"created":1647094201640,"url":"https://localhost:5001/offers","name":"https://localhost:5001/offers","description":"","method":"GET","body":{},"parameters":[],"headers":[],"authentication":{},"metaSortKey":-1647094201640,"isPrivate":false,"settingStoreCookies":true,"settingSendCookies":true,"settingDisableRenderRequestBody":false,"settingEncodeUrl":true,"settingRebuildPath":true,"settingFollowRedirects":"global","_type":"request"},{"_id":"env_c3d5418f8fc79b11a9b6f0271fbdb54ab400f897","parentId":"wrk_7fdc1b1551044fa9bb02c625d23c63f8","modified":1647085867103,"created":1647085867103,"name":"Base Environment","data":{},"dataPropertyOrder":null,"color":null,"isPrivate":false,"metaSortKey":1647085867103,"_type":"environment"},{"_id":"jar_c3d5418f8fc79b11a9b6f0271fbdb54ab400f897","parentId":"wrk_7fdc1b1551044fa9bb02c625d23c63f8","modified":1647085867113,"created":1647085867113,"name":"Default Jar","cookies":[],"_type":"cookie_jar"},{"_id":"spc_98808a1b47ab4bbaab63db766adff069","parentId":"wrk_7fdc1b1551044fa9bb02c625d23c63f8","modified":1647094159755,"created":1647085867084,"fileName":"New Document","contents":"","contentType":"yaml","_type":"api_spec"},{"_id":"uts_3cfd6fc849d441bd9c57b2a4906ef232","parentId":"wrk_7fdc1b1551044fa9bb02c625d23c63f8","modified":1647085867139,"created":1647085867139,"name":"Example Test Suite","_type":"unit_test_suite"}]}